dim,gate_a_anchor,gate_b_anchor,gate_a_minus_b_anchor
0,3.5023493438757214e-08,2.2235353835942107e-10,3.480113974774213e-08
1,1.1354035933663909e-08,1.9729136380153278e-10,1.115674486129592e-08
2,6.722541634474055e-09,2.4313401292275216e-10,6.479407677062454e-09
3,1.610234967586166e-08,1.407506555750615e-09,1.4694842676021835e-08
4,4.692329191868794e-09,5.952237036588315e-10,4.0971053216765085e-09
5,1.0859046994937671e-08,4.4380316088776794e-10,1.0415243778538752e-08
6,6.422875031830699e-08,4.98116686786787e-11,6.417894127253021e-08
7,1.3962186962146461e-08,1.190037179910064e-09,1.2772149560191792e-08
8,1.0697301711104501e-08,8.596447165221122e-11,1.0611337586396985e-08
9,1.0876002320969747e-08,4.806250397670908e-10,1.03953770036469e-08
10,1.201203048140087e-08,4.939098019463017e-10,1.1518120679454569e-08
11,1.2721447006924791e-08,1.4583171337179124e-09,1.1263129984229181e-08
12,7.736402629632266e-09,6.762542609228817e-11,7.668777612934718e-09
13,4.678772036470491e-09,2.4216117999742437e-10,4.4366110785176716e-09
14,1.2807999993924568e-08,4.9996996126511206e-11,1.2758002654322809e-08
15,9.95127891201264e-09,8.142838625602167e-10,9.136995160474726e-09
16,1.0129913796674828e-08,1.1312437653288043e-09,8.998670253390628e-09
17,5.02696728688079e-09,5.5767161721842484e-11,4.971200340264659e-09
18,8.407016416356328e-09,1.3731897563484807e-10,8.26969781542175e-09
19,2.439950996802054e-08,3.3254668463378323e-10,2.4066963533186936e-08
20,3.040062779291475e-08,7.292611514664316e-10,2.9671365808781047e-08
21,3.359572531280719e-08,4.033435530015339e-10,3.319238217613929e-08
22,3.543363646940634e-08,1.1913674213825942e-10,3.531449976890144e-08
23,1.509776126340512e-08,2.0702120573368177e-10,1.4890740196449315e-08
24,3.648332480565841e-08,3.292998929094182e-10,3.6154023774770394e-08
25,1.503872759656133e-08,4.689167942828476e-10,1.456981113534539e-08
26,1.2256815562494694e-09,3.7210512449092903e-10,8.535764317585404e-10
27,2.951592037447881e-08,3.454180830253506e-10,2.9170502457986913e-08
28,6.805898955519751e-09,6.327540269523979e-09,4.783586859957722e-10
29,1.8458475636862204e-08,4.26145702059344e-10,1.8032329407446923e-08
30,7.993801176553461e-08,1.9564889985890233e-10,7.974236382324307e-08
31,8.279926788645753e-08,4.328020442034841e-10,8.23664692006787e-08
32,1.7704275379060164e-08,1.5375569706321812e-09,1.6166717742294168e-08
33,3.987654650927652e-08,2.0495814767595988e-10,3.967158690443284e-08
34,9.435456860273916e-09,3.4607710031053784e-09,5.974685635123933e-09
35,1.5097356254045735e-08,1.7076555447470554e-10,1.492659151836051e-08
36,6.78840592627239e-08,5.580997886056593e-10,6.732595636549377e-08
37,9.422710434137116e-08,4.279335497070491e-10,9.379917287333228e-08
38,1.1564555535414911e-08,1.9454382549355387e-09,9.619117058434767e-09
39,2.9614382057729927e-08,1.0405656336587299e-09,2.857381709020501e-08
40,3.3780324315557664e-08,5.904148836499701e-10,3.3189909487418845e-08
41,2.0052734583941856e-08,7.71263586329951e-09,1.2340098720642345e-08
42,9.67844258070727e-08,1.1137905042701846e-09,9.567063585791402e-08
43,1.3792021746894534e-08,8.146935903674546e-11,1.371055269316912e-08
44,2.493343309595275e-08,1.2761635082014777e-09,2.365726992081818e-08
45,1.4366760225925645e-08,6.455103971347853e-07,-6.311436209216481e-07
46,1.8941420876217308e-08,4.3144829930952255e-08,-2.4203409054734948e-08
47,1.473632416093551e-08,1.2602906496184119e-09,1.34760336223394e-08
48,3.389055436286981e-08,3.1571585623613174e-11,3.385898139640631e-08
49,3.406404047723299e-08,1.3642412755032751e-09,3.26997984245736e-08
50,9.331353112429497e-08,5.379367506996857e-10,9.277559342990571e-08
51,2.7501686261643954e-08,3.72695374561971e-10,2.7128990609526227e-08
52,2.2995791937319154e-08,9.17396048016883e-10,2.2078396000324574e-08
53,1.7078456426844468e-09,1.0312273951429418e-10,1.6047229101090466e-09
54,1.3796259246134923e-08,4.102364004054948e-10,1.338602295675173e-08
55,7.974920279707476e-09,3.034474338470261e-10,7.671473234438508e-09
56,1.744616184851111e-08,2.814492250369227e-10,1.7164712318162856e-08
57,2.4574970947099928e-09,2.934048004554768e-10,2.1640922387433648e-09
58,1.0916050285914025e-08,2.1668013217013282e-10,1.0699370278643983e-08
59,7.25269444501464e-09,5.2062704147815e-10,6.732067348025339e-09
60,5.128445224045208e-08,4.2463010885285257e-10,5.085982124342081e-08
61,4.0752528462917326e-08,6.404297647755186e-10,4.0112098531608353e-08
62,2.444716429295113e-08,1.8392384837362385e-10,2.4263240305799627e-08
63,1.49460497311793e-08,2.503558471644851e-09,1.2442491481579054e-08
64,1.8871111251428374e-07,4.101401718248354e-10,1.883009730363483e-07
65,2.197113424529107e-08,5.344750864111347e-09,1.662638382526893e-08
66,5.983271330478601e-05,1.6784390544088978e-09,5.983103619655594e-05
67,1.74094623162091e-08,4.277196421753615e-05,-4.275455648894422e-05
68,4.012622767390894e-08,5.709054895497445e-10,3.955532079658042e-08
69,1.512456471175483e-08,0.0003450181393418461,-0.0003450030053500086
70,4.1832907299976796e-05,1.7570901678087836e-10,4.1832732676994056e-05
71,6.975383826102188e-08,6.981611733181126e-08,-6.227907078937278e-11
72,4.062017524120165e-06,9.578718929148522e-10,4.061059826199198e-06
73,1.734291465993465e-08,3.5682908219314413e-06,-3.550947894837009e-06
74,3.962760786180297e-07,5.168691585843987e-10,3.957592014103284e-07
75,5.099077071690772e-08,1.0494686369932893e-10,5.088582355483595e-08
76,2.8666477192018647e-06,1.052975484583385e-10,2.8665424451901345e-06
77,1.3287790423532897e-08,2.3469501684303395e-06,-2.333662450837437e-06
78,7.552757779194508e-07,1.1933870558422655e-10,7.551564635832619e-07
79,5.8868243613119375e-09,3.5449271296172924e-10,5.532331481816755e-09
80,2.422908096377796e-08,9.668434802767578e-11,2.4132397413723083e-08
81,2.8245953132000068e-08,2.7198896468405565e-09,2.55260630410703e-08
82,3.216640820369321e-08,5.811615078066268e-10,3.1585248194687665e-08
83,4.3531731108714666e-08,3.5502387141228553e-10,4.317670843079213e-08
84,5.404331648861671e-09,5.53986856388633e-10,4.850345014517643e-09
85,1.2651926617479603e-08,1.362831514306606e-09,1.1289094992150694e-08
86,1.2511971902995356e-08,3.3267117949264957e-09,9.18526055215807e-09
87,4.60675515512321e-08,2.4409176901940555e-09,4.3626634749216464e-08
88,9.63766737527294e-08,7.548914271460205e-10,9.562177893940316e-08
89,2.2992691128820297e-07,5.240842204656815e-10,2.2940282917716104e-07
90,6.773687033501119e-08,5.3619125806037e-10,6.72006805757519e-08
91,8.307329046886025e-09,1.4831509353996353e-09,6.82417811148639e-09
92,9.951036616939746e-08,6.7774501566475465e-09,9.273291823319596e-08
93,5.868103336581498e-09,3.3327470561062e-08,-2.7459368112658922e-08
94,5.4044580792833585e-06,4.941994120599702e-05,-4.401548358146101e-05
95,2.344963604627992e-06,5.2306592124296e-07,1.8218977402284509e-06
96,1.772220821294468e-05,3.1738942141146254e-08,1.7690468666842207e-05
97,1.8320936590043857e-07,1.5000259736552835e-05,-1.4817050214332994e-05
98,2.4733915893193625e-07,4.546543277683668e-05,-4.521809387370013e-05
99,2.744120683928486e-05,4.850792834076856e-08,2.73926980298711e-05
100,2.1804562493343838e-06,7.442761125275865e-05,-7.224715227494016e-05
101,1.1478045536250647e-07,3.270284423706471e-06,-3.155503918605973e-06
102,1.3491070482984924e-08,2.5830682037764063e-10,1.3232763329540376e-08
103,0.0004928205744363368,3.9022793885123974e-09,0.0004928166745230556
104,6.727095751557499e-05,1.446308212083025e-10,6.727081199642271e-05
105,8.140624413499609e-05,2.0146521950703544e-10,8.140604040818289e-05
106,4.854447066549028e-09,3.3688311305013485e-06,-3.3639767025306355e-06
107,9.124738298282864e-09,3.6814427062381583e-09,5.443295592044706e-09
108,3.288458572114905e-08,2.7154189297107223e-07,-2.386573214607779e-07
109,3.2135178962278133e-09,1.1201455318854414e-09,2.093372364342372e-09
110,1.1528788590453587e-08,2.4560428690811875e-10,1.128318416476759e-08
111,2.129425880070812e-08,6.947955544234219e-10,2.0599463468329304e-08
112,2.60730601553405e-08,1.4096102063376748e-09,2.4663449949002825e-08
113,1.1936661437061957e-08,4.5844589235954913e-10,1.1478215711235862e-08
114,5.578446593546005e-09,2.1094333224613848e-10,5.367503330688805e-09
115,8.966432574197825e-08,4.830954525303355e-10,8.918122773593495e-08
116,2.498313200760549e-08,1.4099645062604083e-10,2.4842135459834935e-08
117,2.3143199356923105e-08,1.3257030140323423e-08,9.886169216599683e-09
118,2.162912959846608e-09,2.0270016221068943e-10,1.9602128809026453e-09
119,4.108807843294926e-05,5.672930458722192e-10,4.1087510908255354e-05
120,1.597022247779023e-07,2.5556494165357435e-06,-2.395947149125277e-06
121,4.488073912511936e-08,0.005547757726162672,-0.0055477130226790905
122,2.1290576114552096e-05,5.925857582411709e-09,2.1284649847075343e-05
123,0.03720787167549133,2.69322253387827e-08,0.037207845598459244
124,0.003161085769534111,1.866765231284262e-08,0.0031610671430826187
125,1.9460335352050606e-06,0.0011729872785508633,-0.0011710412800312042
126,4.779997834702954e-05,0.043568238615989685,-0.04352043941617012
127,3.252781607443467e-05,2.7728341592592187e-05,4.799474481842481e-06
128,4.054337114212103e-05,5.1646442678077165e-09,4.053820521221496e-05
129,6.469051004387438e-05,4.7174421524687205e-07,6.421876605600119e-05
130,4.087052002432756e-05,3.922768030406587e-07,4.0478244045516476e-05
131,1.3846407398432348e-07,1.9031245983569534e-06,-1.7646605101617752e-06
132,6.60720672840398e-07,2.8729183476627895e-09,6.578477496077539e-07
133,2.3924524583662787e-08,9.911700349363173e-10,2.2933354770771075e-08
134,4.625283963832771e-06,4.216264670731107e-09,4.621067546395352e-06
135,2.35920410318613e-07,1.358150480967879e-09,2.3456226472262642e-07
136,2.353708161706436e-08,2.267651399989745e-09,2.1269430661163824e-08
137,1.470196764330467e-07,6.409344721625132e-10,1.4637873846368166e-07
138,3.617849486658997e-08,1.4025327566002943e-09,3.477596166590047e-08
139,5.136659098070595e-08,1.6718466888665517e-10,5.1199407380408957e-08
140,8.334833268008879e-09,7.417774727791482e-10,7.593055961763184e-09
141,3.7530739405156055e-08,6.279661235453204e-10,3.6902772393432315e-08
142,1.0971636932310957e-08,6.344903491495302e-10,1.033714625009452e-08
143,1.8906158416598373e-08,2.4324080527549086e-09,1.6473750363843465e-08
144,3.228535945254407e-07,5.199997654692368e-10,3.2233359092970204e-07
145,3.8097902610445544e-09,1.3595421455292467e-09,2.4502480044930053e-09
146,2.4877758519892268e-08,6.302806286839768e-05,-6.300318636931479e-05
147,1.2603390132426284e-05,2.178750069248281e-09,1.2601210983120836e-05
148,2.6422574137541233e-06,1.190546417006999e-08,2.63035190073424e-06
149,3.3073689564844244e-07,4.190290201222524e-05,-4.157216608291492e-05
150,3.327538070152514e-05,3.8305381167447194e-05,-5.030000465922058e-06
151,0.0002892723714467138,1.8019813978753518e-06,0.0002874703786801547
152,2.4620578187750652e-05,1.2801374396076426e-05,1.1819203791674227e-05
153,1.6097983461804688e-05,4.4390444600139745e-06,1.1658939001790714e-05
154,0.00021953646501060575,0.0004089669091627002,-0.00018943044415209442
155,7.013729918980971e-05,9.149169386546419e-07,6.922238389961421e-05
156,1.330111081188079e-05,0.004301035776734352,-0.004287734627723694
157,1.0115178383784951e-07,2.3903552573756315e-05,-2.3802400392014533e-05
158,1.0913199233186788e-08,1.7541209595961504e-09,9.15907794052373e-09
159,0.000225078736548312,0.008727091364562511,-0.008502013050019741
160,1.1712624825577223e-07,2.555214632593561e-05,-2.543501977925189e-05
161,2.9404256451925903e-07,0.0003358660906087607,-0.00033557205460965633
162,3.392970029381104e-07,1.7601562376512447e-06,-1.4208592347131344e-06
163,1.051480111868841e-07,8.951162033810078e-10,1.0425289787008296e-07
164,3.482303327473346e-06,5.0249049365902465e-09,3.4772783692460507e-06
165,1.5231998773401756e-08,1.5228240890508005e-09,1.3709174240261746e-08
166,2.31848620302344e-08,9.737768369433297e-10,2.2211084527157254e-08
167,1.5914023876462124e-08,2.785626451728973e-10,1.5635460925977895e-08
168,1.3309858104548766e-08,1.271503458077916e-09,1.2038354313403943e-08
169,1.1822192114152585e-08,2.534363552353369e-10,1.1568755731161673e-08
170,3.9796958617444034e-08,3.6950739690233547e-10,3.942745152585303e-08
171,1.8439509474887927e-08,1.9542960305596324e-10,1.824408002448763e-08
172,1.282552233305978e-07,1.5328244229451116e-10,1.2810194505163963e-07
173,3.212678711861372e-05,1.0515083248563428e-10,3.2126681617228314e-05
174,1.0233010883098359e-08,0.0002630293893162161,-0.00026301914476789534
175,2.983651725685377e-08,4.231182629155228e-06,-4.201346200716216e-06
176,5.972302687951014e-07,3.516246215440333e-05,-3.456523336353712e-05
177,1.376975342282094e-05,7.316913741561848e-09,1.3762436537945177e-05
178,3.1010692964628106e-06,1.289190663555928e-06,1.8118786329068826e-06
179,1.449038109058165e-06,0.00015622671344317496,-0.00015477767738047987
180,0.006109916605055332,1.066445975084207e-06,0.0061088502407073975
181,0.0026663357857614756,8.667115253047086e-06,0.0026576686650514603
182,8.419373216383974e-07,4.107659333385527e-05,-4.0234655898530036e-05
183,6.842176958343771e-08,0.00017106192535720766,-0.00017099350225180387
184,0.0018894938984885812,2.7222302190210712e-09,0.0018894912209361792
185,0.000924247840885073,0.00020768411923199892,0.000716563721653074
186,7.302610072201787e-09,1.8472622320686582e-09,5.4553477291108265e-09
187,1.5147415979299694e-06,0.00010997406207025051,-0.00010845932411029935
188,9.908396350510884e-06,8.20879140519537e-05,-7.217951497295871e-05
189,4.691235488962775e-08,3.429573069979597e-08,1.2616624189831782e-08
190,3.081313764141669e-07,5.252548726275563e-05,-5.221735409577377e-05
191,8.897131010598969e-06,9.269302609027363e-06,-3.7217159842839465e-07
192,1.332799183728639e-05,3.0311901877411174e-09,1.3324960491445381e-05
193,1.079371081402769e-08,1.1500712604473051e-09,9.643639664602688e-09
194,1.3750233840426063e-08,9.593533967233725e-09,4.156699873192338e-09
195,8.541850782251004e-09,8.01285038320998e-10,7.7405655218854e-09
196,8.538918905287574e-09,1.0571052921903856e-09,7.481813391052583e-09
197,8.107819304825625e-09,2.061516957141407e-09,6.046302125639613e-09
198,2.4945849830260158e-08,1.475653710336644e-09,2.3470196452990422e-08
199,2.8841977695037713e-08,1.965133167303179e-09,2.687684386160072e-08
200,7.974327864701536e-09,0.00014370048302225769,-0.00014369250857271254
201,0.000602404004894197,3.913489976525852e-09,0.0006024001049809158
202,0.0005617261049337685,3.698192196921468e-09,0.00056172237964347
203,6.102703082433436e-06,1.3597892589700677e-08,6.089105227147229e-06
204,5.611459528154228e-07,6.675991244264878e-07,-1.0645317161106504e-07
205,4.38116148870904e-06,2.0401651568136003e-07,4.177145001449389e-06
206,0.00013318397395778447,1.5935549527057447e-05,0.00011724842624971643
207,3.487023150228197e-07,0.00013318478886503726,-0.0001328360813204199
208,1.6566371414228342e-05,7.798799924785271e-05,-6.142162601463497e-05
209,9.750980825629085e-05,8.060838041501484e-08,9.742919792188331e-05
210,0.00032392627326771617,0.008936204016208649,-0.008612277917563915
211,0.0016752805095165968,0.00010871382255572826,0.0015665666433051229
212,0.0016728921327739954,0.0001894347951747477,0.0014834573958069086
213,1.927782614075113e-05,3.571990237105638e-05,-1.6442076230305247e-05
214,0.00011581012222450227,0.002415755530819297,-0.0022999453358352184
215,1.023217828333145e-05,0.02841244265437126,-0.028402211144566536
216,0.0002344149979762733,4.682478447648464e-06,0.0002297325263498351
217,7.610199645569082e-06,0.0007743975729681551,-0.0007667873869650066
218,2.0940455215168186e-05,1.0383600965724327e-05,1.0556854249443859e-05
219,1.338565596142871e-07,1.2001487581514425e-09,1.3265641030102415e-07
220,0.000646614411380142,7.33843374955967e-10,0.0006466136546805501
221,4.0471153539556326e-08,5.154782822813786e-09,3.531637204901017e-08
222,1.03705533049947e-08,3.330913322940887e-10,1.0037462416789822e-08
223,3.015553318164166e-08,3.460788600140319e-10,2.9809452684048665e-08
224,1.8412860924854613e-07,7.379362121362476e-10,1.8339066798489512e-07
225,6.878090541562187e-09,1.8495247000593906e-10,6.693138043800673e-09
226,1.0652147608425366e-07,6.065202784455437e-10,1.0591495680500884e-07
227,2.4116846297772554e-09,5.62189517161471e-10,1.8494951126157844e-09
228,1.9381729998713126e-08,1.2056029063955975e-08,7.325700934757151e-09
229,2.2955038758709634e-08,8.613011415192773e-10,2.2093738394346474e-08
230,1.6052334785854327e-06,2.6406508091270098e-09,1.6025928744056728e-06
231,3.966377789765829e-06,3.160659787226905e-07,3.6503117826214293e-06
232,6.032214514561929e-06,2.986224956202932e-08,6.0023521655239165e-06
233,2.6442512179869482e-08,1.696034928500012e-06,-1.6695923932275036e-06
234,8.252591942436993e-05,1.1732018689869506e-09,8.252474799519405e-05
235,0.00012564435019157827,1.3413906652104401e-09,0.00012564301141537726
236,0.00029652961529791355,5.896485077983016e-08,0.0002964706509374082
237,3.3553445973666385e-05,8.416107988296062e-08,3.3469284971943125e-05
238,0.004503678996115923,0.007456155959516764,-0.0029524769634008408
239,4.1893115849234164e-05,0.00021361949620768428,-0.00017172638035845011
240,5.5517855201969724e-08,0.00019513958250172436,-0.00019508406694512814
241,0.0015720620285719633,1.2010173122689594e-06,0.0015708609716966748
242,1.2539410363388015e-06,1.8470859286523478e-09,1.2520939662863384e-06
243,0.0009023048332892358,3.145411255900399e-07,0.0009019902790896595
244,0.0002760169154498726,0.00010790859960252419,0.00016810832312330604
245,0.00028273474890738726,0.0005061643896624446,-0.00022342964075505733
246,0.0008463566773571074,4.483916882236372e-07,0.000845908303745091
247,2.4247563487733714e-05,2.744852789504648e-09,2.4244818632723764e-05
248,0.0008646643254905939,1.2143096528305364e-09,0.0008646631031297147
249,0.00011859832011396065,3.5407984877444676e-10,0.00011859796359203756
250,2.86204748789487e-08,2.111260888337796e-10,2.840934953951546e-08
251,6.201168023522996e-09,5.923191270795769e-09,2.77976752727227e-10
252,7.195433937567941e-08,2.093269169112233e-10,7.174501348572448e-08
253,2.4482162075400993e-08,1.4770468181879437e-10,2.4334458004204862e-08
254,1.7506193827898642e-08,6.0704015147905466e-09,1.1435792757197305e-08
255,5.742474584735646e-08,4.5007125804019665e-10,5.69746738676713e-08
256,6.35646074442775e-06,5.016667081747528e-10,6.355959158099722e-06
257,3.1781186748958135e-07,1.528061943645298e-08,3.0253124805312837e-07
258,1.1719110943886335e-06,1.5499711514266323e-09,1.170361088043137e-06
259,1.1866477933608621e-07,5.890549159559555e-10,1.1807572519728637e-07
260,0.0012082610046491027,3.357249478419533e-10,0.0012082606554031372
261,1.529564030988695e-08,0.012142004445195198,-0.012141989544034004
262,1.6592718310448618e-08,0.00014149378694128245,-0.0001414771977579221
263,0.005528921727091074,1.0301708819326905e-08,0.005528911482542753
264,0.001191308256238699,0.00015252974117174745,0.0010387785732746124
265,0.037438731640577316,4.5108004997018725e-05,0.03739362210035324
266,8.12765119917458e-06,0.00044594050268642604,-0.00043781285057775676
267,1.0974352335324511e-05,0.0045168143697083,-0.004505840130150318
268,0.011545349843800068,3.5248729091108544e-06,0.011541824787855148
269,5.729040822188836e-06,0.0505097359418869,-0.05050400644540787
270,0.0026231573428958654,3.0590314281653264e-07,0.0026228514034301043
271,0.00018224069208372384,4.192273905800903e-08,0.00018219876801595092
272,0.0008792612352408469,8.673109550727531e-05,0.0007925301324576139
273,0.0005425272393040359,1.3629161003336776e-05,0.0005288980901241302
274,1.5131201180906828e-08,2.9519671151945204e-09,1.2179233621623098e-08
275,3.164332085248134e-08,3.6034177810506662e-06,-3.571774414012907e-06
276,3.1205976824821846e-07,4.4081502337256495e-10,3.116189475349529e-07
277,7.526987610617653e-05,9.356132535387474e-10,7.52689375076443e-05
278,7.577337868269751e-09,1.939425287034169e-09,5.6379123591909774e-09
279,9.509658838169344e-09,5.6764073441684104e-09,3.833251494000933e-09
280,2.4155710320883372e-08,6.845771727270744e-10,2.3471132593044786e-08
281,3.994067654389255e-08,1.2178810737673018e-10,3.981888951898327e-08
282,1.2583488739892346e-07,4.727410640725793e-08,7.856078099166552e-08
283,8.997531040222384e-07,1.5351271642760622e-10,8.995995699478954e-07
284,1.0377542736250689e-07,2.1145716289083794e-08,8.26297110734231e-08
285,2.120159479090944e-06,1.4021582783740882e-09,2.1187572656344855e-06
286,1.6883770513231866e-05,6.437072652687448e-09,1.6877333109732717e-05
287,7.785032721585594e-06,1.2370486857093965e-09,7.783795808791183e-06
288,5.293245841642147e-09,0.0017455329652875662,-0.001745527726598084
289,0.007200140040367842,1.121006953930248e-09,0.007200139109045267
290,0.0009165695519186556,2.8999276313612654e-09,0.00091656664153561
291,0.09521844238042831,4.395184078020975e-06,0.09521404653787613
292,1.1073376299464144e-05,6.463105819420889e-05,-5.355768371373415e-05
293,0.030126623809337616,2.920836050179787e-05,0.030097415670752525
294,2.652258990565315e-05,0.00041116352076642215,-0.0003846409381367266
295,0.000861792010255158,1.7045555011918623e-07,0.0008616215782240033
296,1.060343151948473e-06,0.00492145074531436,-0.00492039043456316
297,2.134659780494985e-06,0.037976980209350586,-0.03797484561800957
298,7.760226435493678e-05,0.16311149299144745,-0.1630338877439499
299,0.04923237860202789,1.3740656868321821e-05,0.049218639731407166
300,0.0009280784288421273,0.0007520037470385432,0.0001760746818035841
301,0.0027505639009177685,1.4872656720399391e-05,0.0027356911450624466
302,0.0012285050470381975,1.2140377293690108e-05,0.0012163646752014756
303,9.26272818446705e-08,0.0001175310171674937,-0.00011743838695110753
304,0.0004049903363920748,2.1846424669291764e-09,0.00040498815360479057
305,3.6573607076206827e-07,5.871124919565318e-09,3.5986494140161085e-07
306,3.9623184733272865e-09,8.412790464262798e-09,-4.450471990935512e-09
307,2.811260380042313e-08,5.132089198056633e-10,2.7599394769595165e-08
308,3.424572980748053e-08,1.0780865089543568e-09,3.31676446307938e-08
309,1.8094484133257538e-08,1.0917188264514266e-09,1.7002765417828414e-08
310,3.540419857017696e-05,3.04588798627492e-09,3.540115358191542e-05
311,1.3702533578907605e-06,1.263103094339968e-10,1.3701270518140518e-06
312,2.5642215462085005e-08,7.0999162105067626e-09,1.8542298363399823e-08
313,1.671038951656101e-08,5.372344730858458e-06,-5.355634129955433e-06
314,7.0984147448882595e-09,0.00011402767268009484,-0.0001140205713454634
315,8.46621706074302e-09,0.014309138059616089,-0.014309129677712917
316,4.765713601528887e-09,0.006852497812360525,-0.006852493155747652
317,0.0021308991126716137,5.048643725302782e-09,0.0021308939903974533
318,4.537125164461031e-08,0.0006110203685238957,-0.0006109750247560441
319,0.028748709708452225,8.962255151345744e-07,0.028747813776135445
320,4.163045446148317e-07,0.005217412486672401,-0.005216996185481548
321,8.053222018133965e-07,6.476433190982789e-05,-6.395900709321722e-05
322,0.00024015933740884066,0.0003156959137413651,-7.553657633252442e-05
323,2.2179418124324002e-07,1.8851528693630826e-06,-1.663358716541552e-06
324,4.5167846110416576e-05,3.225774707971141e-05,1.2910099030705169e-05
325,0.00040790013736113906,1.0695372338886955e-06,0.00040683060069568455
326,8.793157576292288e-06,0.00022639482631348073,-0.00021760167146567255
327,5.427468295238214e-06,1.2483680222885596e-07,5.302631507220212e-06
328,0.0022366063203662634,2.319548548257444e-05,0.0022134108003228903
329,0.00010684028529794887,1.3228077477833722e-07,0.0001067080011125654
330,2.033301643677987e-05,1.9136166429234436e-08,2.031388066825457e-05
331,4.667946882364049e-07,3.3129079479721213e-09,4.6348176852006873e-07
332,5.2172541472828016e-05,2.7744078145985895e-09,5.2169765694998205e-05
333,2.3225448231301016e-08,8.056949951651404e-08,-5.7344053061569866e-08
334,1.5539741937686813e-08,2.6682285270140937e-09,1.2871513632717324e-08
335,2.2951756051270422e-08,9.932133587797765e-11,2.2852434611309036e-08
336,2.9186855599050432e-08,5.590714557968113e-10,2.862778458734283e-08
337,2.446241786913106e-08,1.0586165277715054e-09,2.340380156340416e-08
338,1.6978486883090227e-07,2.7651239631332203e-10,1.6950835401985387e-07
339,1.3409727728230791e-07,2.65360011741933e-10,1.3383191799221095e-07
340,3.124539205145993e-08,8.765045436121e-07,-8.452591373497853e-07
341,0.012198030017316341,6.782958639206527e-09,0.012198023498058319
342,0.0038941095117479563,1.595973664336725e-08,0.003894093446433544
343,0.0006436010007746518,2.9193236716906767e-09,0.0006435980903916061
344,0.012114410288631916,4.276816234494163e-09,0.012114405632019043
345,0.0006400325801223516,9.491392560789791e-09,0.0006400230922736228
346,0.33826351165771484,6.065044362912886e-05,0.3382028639316559
347,4.709785571321845e-06,0.0030566141940653324,-0.003051904495805502
348,5.98095724058112e-08,4.2023857531603426e-06,-4.142576017329702e-06
349,1.0083586188258664e-09,5.218347496338538e-07,-5.208264042266819e-07
350,0.011035093106329441,8.652811084175482e-05,0.010948564857244492
351,0.00012919834989588708,7.846550147405651e-07,0.0001284136960748583
352,1.4788852240599226e-06,7.40650066290982e-05,-7.258612458826974e-05
353,0.0001880073396023363,4.9352634960087016e-05,0.00013865470828022808
354,0.0011575105600059032,0.00014779684715904295,0.0010097137419506907
355,1.3176409993320704e-05,3.5684794852386403e-07,1.2819562471122481e-05
356,0.00032045957050286233,5.40378437108302e-07,0.00031991919968277216
357,0.0017149669583886862,2.31862304644892e-06,0.0017126483144238591
358,2.292380031576613e-06,8.471316448321886e-08,2.207666966569377e-06
359,6.076997749460133e-08,7.60806315724949e-08,-1.531065407789356e-08
360,6.226897397709763e-08,8.52287396213569e-09,5.374609912678352e-08
361,7.677694924268508e-08,3.888890098835418e-09,7.28880564793144e-08
362,5.9146152864286705e-08,1.4978913664975835e-09,5.764826127574452e-08
363,2.136190957457984e-08,9.926647281943701e-10,2.0369244069229353e-08
364,1.2379583580468534e-08,3.4608613197484317e-10,1.2033497753805023e-08
365,2.9959352332298295e-08,8.596516831715917e-10,2.9099700427082098e-08
366,4.659626995362487e-08,2.9108890853279945e-09,4.368538242260911e-08
367,3.251497275869042e-07,1.6843945127575921e-09,3.2346534339922073e-07
368,7.14124226419699e-08,2.0705263281683983e-08,5.0707157583929074e-08
369,2.1360891722110864e-08,1.6926585999499366e-07,-1.4790497004923964e-07
370,9.746528667164966e-05,1.2326142773133597e-08,9.745296119945124e-05
371,1.1635039243174106e-07,3.794479042085186e-08,7.840560556360288e-08
372,3.873679816024378e-06,0.003892086911946535,-0.0038882133085280657
373,0.015178581699728966,2.9897597642047913e-07,0.015178282745182514
374,0.007980366237461567,8.022087058634497e-06,0.00797234382480383
375,1.0324455246291109e-07,7.756422064630897e-07,-6.723976753164607e-07
376,0.0003297423536423594,5.215404598857276e-06,0.0003245269472245127
377,3.164442750858143e-05,2.6112586056115106e-05,5.531841452466324e-06
378,7.766504381834238e-07,0.0011860905215144157,-0.0011853139149025083
379,0.012683014385402203,1.5352194182582934e-08,0.012682999484241009
380,5.626185384244309e-07,1.0283319085147014e-07,4.597853546783881e-07
381,0.0001524878025520593,0.00015522900503128767,-2.7412024792283773e-06
382,1.9075422130754305e-08,8.433518814854324e-06,-8.414443072979338e-06
383,2.677367376691109e-07,2.5016792193355286e-08,2.4271994902846927e-07
384,1.0183654239881434e-06,7.493706107197795e-06,-6.475340796896489e-06
385,5.1423445057707795e-08,3.741076000096655e-07,-3.2268414429381664e-07
386,1.600658265488164e-06,1.4213477697921917e-05,-1.2612819773494266e-05
387,5.759281975770136e-07,1.6832968796620662e-08,5.590952127931814e-07
388,9.011660750957162e-08,3.68265556938141e-10,8.974834031505452e-08
389,1.5406890270242002e-06,1.0998993937860746e-09,1.5395891068692436e-06
390,3.4000947835011175e-08,1.8261371581562713e-10,3.381833479920715e-08
391,1.7196432722244026e-08,1.4239857903941555e-10,1.7054034628927184e-08
392,1.7627822757049216e-08,8.061168954576203e-10,1.6821706694258864e-08
393,1.5974936928842e-08,6.651710848792902e-10,1.530976589947386e-08
394,3.5972087175650813e-07,2.2647110575757523e-10,3.5949440757576667e-07
395,1.9979699672489915e-08,7.004656854547875e-09,1.297504326203125e-08
396,8.722314959186406e-08,2.7667714785906128e-09,8.445638144394252e-08
397,1.7618822312215343e-05,4.902501586911967e-07,1.712857192615047e-05
398,7.869974979257677e-06,2.734424242589739e-08,7.842631021048874e-06
399,1.1803189181591733e-06,2.265555849589873e-06,-1.0852369314306998e-06
400,0.0001185370929306373,1.3657370345754316e-07,0.00011840051593026146
401,2.9644521418958902e-05,1.1290526913398935e-07,2.953161674668081e-05
402,3.2717045996832894e-06,2.167903190297693e-08,3.2500256565981545e-06
403,2.0481518276938004e-06,4.703337253886275e-05,-4.498521957430057e-05
404,0.0027939053252339363,7.948201528051868e-05,0.002714423229917884
405,0.0003680884256027639,0.0003661727823782712,1.915643224492669e-06
406,2.614772540709964e-07,0.0027320748195052147,-0.0027318133506923914
407,8.738084744663865e-08,5.311796485329978e-06,-5.2244154176150914e-06
408,0.00023211058578453958,1.766776586009655e-05,0.00021444281446747482
409,3.187733454979025e-06,4.2053787296936207e-07,2.767195610431372e-06
410,2.6767659164761426e-06,5.378668106459372e-07,2.1388991626736242e-06
411,2.428082780170371e-06,2.7405669400515364e-10,2.4278087948914617e-06
412,1.238969371541998e-08,2.7873404633282917e-06,-2.77495087175339e-06
413,2.1770777038909728e-06,1.8888907789005316e-06,2.881869249904412e-07
414,9.584551662555896e-06,3.446727987466147e-06,6.1378236750897486e-06
415,1.5650850400561467e-05,1.5935471310513094e-05,-2.8462090995162725e-07
416,5.713571482601765e-08,5.638086690851196e-07,-5.066729613645293e-07
417,8.330741820827825e-07,3.800159298350536e-09,8.292740290016809e-07
418,5.2451587180257775e-06,2.3405002380627593e-09,5.242818133410765e-06
419,4.520106511307631e-09,1.6235502942052449e-09,2.8965563281246887e-09
420,3.758912825446714e-08,1.1115111053783266e-09,3.647761559477658e-08
421,3.559105010708663e-08,3.042404328468251e-09,3.2548644668395355e-08
422,5.773268796360753e-08,2.5829760552653624e-09,5.514971235243138e-08
423,3.139621451708763e-09,1.1552091505606654e-09,1.984412190125795e-09
424,4.0023059000304784e-07,2.1569761532447274e-09,3.980736096309556e-07
425,2.684401856356544e-08,6.047364422556711e-07,-5.778924219157489e-07
426,1.874410554592032e-05,3.628044809023123e-10,1.8743743567029014e-05
427,1.7759293768904172e-07,3.4367791945655313e-10,1.7724926237860927e-07
428,5.955339332786025e-08,2.7204163416172378e-05,-2.7144609703100286e-05
429,5.9837875596713275e-06,3.6563343464024456e-09,5.9801313909702e-06
430,1.0545516033744207e-06,0.000336875906214118,-0.0003358213580213487
431,5.9703379520215094e-05,0.0005778821068815887,-0.0005181787419132888
432,0.00019987765699625015,0.0008185034967027605,-0.0006186258397065103
433,0.0007089742575772107,1.7717127320793224e-06,0.0007072025327943265
434,0.0002591942611616105,0.0002376316551817581,2.156260597985238e-05
435,7.454941078322008e-05,4.8150293878279626e-05,2.6399116904940456e-05
436,8.957753743743524e-05,0.00010943900269921869,-1.986146526178345e-05
437,5.92401511312346e-06,2.061924107010782e-07,5.717822659789817e-06
438,7.834345524315722e-06,5.7558757760034496e-09,7.828589332348201e-06
439,4.952185008733068e-07,0.00015644692757632583,-0.00015595171134918928
440,2.1465028510192496e-07,3.6052246286999434e-05,-3.58375946234446e-05
441,3.372914306964958e-06,9.813501264943625e-07,2.391564066783758e-06
442,2.3785091798345093e-06,3.760174394074056e-08,2.34090748563176e-06
443,1.2859608489179664e-07,8.785553291090764e-06,-8.656957106722984e-06
444,2.563799625932006e-07,1.1899079055410766e-07,1.373891791445203e-07
445,5.1218371766026394e-08,2.4065929249417195e-09,4.881177773086165e-08
446,1.1814190514769507e-08,5.502406111190794e-06,-5.490591775014764e-06
447,1.2881186250979226e-07,1.0312790621469503e-09,1.2778058078311005e-07
448,1.1831780888371668e-08,4.5055395525572806e-10,1.1381226627804608e-08
449,3.576102969304884e-08,1.4680422155688433e-10,3.5614224458413446e-08
450,3.5740775672366e-08,5.028286675923255e-10,3.523794589455065e-08
451,6.363812588006112e-08,3.7406490349667365e-08,2.623163553039376e-08
452,1.2002548288592152e-08,1.1820053913424999e-07,-1.0619798729294416e-07
453,1.3172569701680459e-08,6.622665296163177e-06,-6.609492629650049e-06
454,4.506967243855797e-08,5.407815842772834e-05,-5.403308750828728e-05
455,8.677633013576269e-05,1.167896612752628e-10,8.677621372044086e-05
456,9.574818250257522e-05,1.0914683046259199e-10,9.5748073363211e-05
457,4.8769528802949935e-05,1.6508862055175655e-09,4.8767877160571516e-05
458,3.18715137836989e-05,5.2785026127821766e-08,3.181873034918681e-05
459,0.00013629964087158442,1.777996658347547e-05,0.00011851967428810894
460,0.0010634076315909624,8.612208148406353e-06,0.0010547954589128494
461,9.2706869736503e-07,9.45832496768162e-08,8.324854547936411e-07
462,3.135950100841001e-05,9.145575745606038e-07,3.044494405912701e-05
463,6.036090098859859e-07,1.4602021565224277e-06,-8.565931466364418e-07
464,3.7474521832336904e-06,1.8046005152427824e-06,1.942851667990908e-06
465,6.572964139195392e-06,1.446308212083025e-10,6.57281952953781e-06
466,6.638989725615829e-05,0.0003689113655127585,-0.00030252145370468497
467,7.541256081822212e-07,8.14481609268114e-05,-8.069403702393174e-05
468,2.4507355078640103e-07,1.704410715319682e-05,-1.6799032891867682e-05
469,1.1182924026797991e-06,4.7800243919482455e-05,-4.6681951062055305e-05
470,3.3771615562727675e-05,3.5966340874438174e-06,3.017498238477856e-05
471,0.002751050516963005,4.63147342699699e-09,0.002751045860350132
472,2.451487191024171e-08,1.9393142647317063e-09,2.2575557423465398e-08
473,9.77887104625097e-09,3.761883999686688e-05,-3.760906110983342e-05
474,1.4849551916995551e-06,6.054211576511648e-10,1.4843498092886875e-06
475,5.3457132054290923e-08,4.865159386469031e-10,5.2970616337688625e-08
476,3.1550147383541116e-08,6.473650504545958e-10,3.0902782555131125e-08
477,2.060445147833434e-08,1.6394853530332654e-10,2.0440502623841894e-08
478,4.919420959481613e-08,8.18727086127069e-10,4.8375483174822875e-08
479,2.2406422885978827e-06,3.0401170469929184e-10,2.240338289993815e-06
480,1.2914402987007634e-06,1.8332005358168146e-10,1.2912569218315184e-06
481,5.539301906054561e-09,9.169387340079993e-06,-9.163847607851494e-06
482,3.6526564883843093e-08,9.887476153380703e-06,-9.8509499366628e-06
483,5.039380630478263e-05,8.756521896469138e-11,5.039371899329126e-05
484,9.785032517584114e-08,6.261214366531931e-06,-6.163364105304936e-06
485,1.1062287512686453e-06,4.922851530864136e-06,-3.816622665908653e-06
486,1.538651849841699e-05,2.8032579848513706e-06,1.2583260286191944e-05
487,0.003512243740260601,1.4219904187484644e-05,0.0034980238415300846
488,0.00043830860522575676,2.5740669684637396e-07,0.0004380512109491974
489,4.523709776549367e-06,2.490650331310462e-06,2.033059445238905e-06
490,3.091306280111894e-05,3.721185203175992e-05,-6.298789230640978e-06
491,0.0022412738762795925,6.210065748746274e-06,0.0022350638173520565
492,6.856335676275194e-05,3.608404242072538e-08,6.85272752889432e-05
493,9.935216075973585e-05,4.022021676064469e-05,5.913194399909116e-05
494,0.00026181701105087996,9.643149496696424e-07,0.00026085268473252654
495,0.0004191251937299967,5.719041382690193e-07,0.00041855330346152186
496,8.595884537498932e-07,0.00026759286993183196,-0.0002667332882992923
497,2.700976722280757e-07,0.0008832839084789157,-0.0008830138249322772
498,4.348190486780368e-06,1.8566662873809037e-08,4.329623607191024e-06
499,3.963764427794558e-08,1.0666376226708962e-07,-6.702612154185772e-08
500,2.235453422372302e-08,9.082075848709792e-05,-9.079840674530715e-05
501,1.4144292848072837e-08,5.142812733538449e-05,-5.1413982873782516e-05
502,1.3743206572769395e-08,9.953038393462066e-10,1.2747902289333979e-08
503,7.68772867587586e-09,9.900514852390074e-10,6.69767707961455e-09
504,2.2859614645653892e-08,4.441078060857251e-11,2.2815203948312046e-08
505,3.040091911543641e-08,3.1050073623362096e-10,3.00904190453366e-08
506,1.3103357510146907e-08,1.6242068801020082e-09,1.1479150963111806e-08
507,1.2947749610248138e-06,9.060886763112563e-11,1.2946843526151497e-06
508,9.919845979311503e-06,2.1308708131329013e-09,9.91771503322525e-06
509,0.0035428351256996393,1.4216769983477207e-09,0.0035428337287157774
510,1.1171868763426573e-08,4.787837497133296e-06,-4.776665718964068e-06
511,0.003950624261051416,8.009137242304121e-10,0.003950623329728842
512,1.2194744158477988e-05,7.265067688422278e-05,-6.0455931816250086e-05
513,2.338149533898104e-05,1.7061165813458956e-09,2.3379789126920514e-05
514,1.6367979696951807e-05,2.365800666481732e-09,1.6365613191737793e-05
515,5.337611582945101e-05,9.077087526065952e-09,5.3367039072327316e-05
516,3.286779417521757e-07,4.148008603266362e-09,3.2452993536935537e-07
517,2.357443094069822e-07,7.7126912856329e-08,1.586173965506532e-07
518,0.0010574616026133299,1.1493153806441114e-06,0.0010563122341409326
519,0.008266408927738667,1.3961660442873836e-05,0.008252447471022606
520,6.761998605497865e-08,1.8323845552004059e-06,-1.7647645336182904e-06
521,1.3666075574292336e-05,1.3441440387396142e-05,2.2463518689619377e-07
522,4.525392796494998e-06,0.00265644583851099,-0.0026519205421209335
523,4.703205377154518e-06,5.4595599152662544e-08,4.648609774449142e-06
524,5.724406264562276e-07,1.963631746093597e-08,5.528042947844369e-07
525,6.905478358021355e-07,0.001330096973106265,-0.0013294063974171877
526,1.9418075680732727e-05,2.7142978975547294e-09,1.9415361748542637e-05
527,1.76179312916247e-07,0.010343761183321476,-0.010343585163354874
528,1.3941006500317599e-06,1.1985236596956383e-05,-1.0591135833237786e-05
529,2.5953500880859792e-05,5.841466199640877e-10,2.5952916985261254e-05
530,2.2697301815810533e-08,7.592846351656135e-09,1.510445457597598e-08
531,3.764157696650727e-08,5.126531976706872e-10,3.712892393537004e-08
532,6.916798866996032e-08,3.185377239756093e-10,6.884945236151907e-08
533,1.0338164990741916e-08,4.8105330829884e-10,9.857111571420774e-09
534,1.7325785250932313e-08,2.3840507346051254e-09,1.4941734960416397e-08
535,1.2246371738910966e-07,3.3150554523686537e-10,1.2213220657031343e-07
536,0.0025490985717624426,1.6384670287195036e-09,0.002549096941947937
537,0.0015689722495153546,7.982056793309766e-09,0.0015689642168581486
538,1.0865282895622386e-08,0.00905490294098854,-0.009054891765117645
539,1.1808767652610186e-07,0.00029577306122519076,-0.0002956549869850278
540,0.0157672930508852,1.5859286861541477e-07,0.015767134726047516
541,7.854127761675045e-05,0.0018202493665739894,-0.0017417081398889422
542,1.4405992260435596e-05,2.9162794401571546e-09,1.4403076420421712e-05
543,0.00010507990373298526,4.845332668423907e-08,0.00010503145313123241
544,0.0004712787049356848,3.98760224840089e-09,0.00047127471771091223
545,1.0980115803249646e-06,3.02839936239252e-07,7.95171672507422e-07
546,1.4508030687920836e-07,4.391435659556464e-09,1.4068886855511664e-07
547,1.8115775901605957e-06,2.741730668276432e-06,-9.301530781158363e-07
548,0.0001247444743057713,2.244031094278398e-08,0.00012472203525248915
549,1.7760887203621678e-05,7.844686820135394e-07,1.697641891951207e-05
550,1.1790120169052898e-07,0.0027178467717021704,-0.0027177289593964815
551,4.720608615116362e-08,1.1262001997636162e-08,3.5944083265349036e-08
552,1.2106561086966394e-07,7.6940603888076e-10,1.2029620677367348e-07
553,2.4250487058452563e-06,1.32851070588913e-07,2.2921976778889075e-06
554,3.659122285171179e-07,0.20393118262290955,-0.2039308100938797
555,9.984042037558538e-08,5.337353741197148e-06,-5.237513505562674e-06
556,3.651319246955609e-08,8.156362252265126e-10,3.569755691046339e-08
557,5.3595268667550044e-08,1.4585106100639678e-07,-9.225578878613305e-08
558,1.4747598697795183e-08,4.880152282282779e-09,9.867446415512404e-09
559,6.00959069174678e-08,6.365461491242286e-10,5.945936010220976e-08
560,1.6713418204972186e-08,1.5407392028876643e-09,1.5172679113106824e-08
561,7.082004458425217e-07,1.8852490679677203e-09,7.063151770125842e-07
562,3.9748289992758146e-08,1.23418775199724e-09,3.85141021297386e-08
563,8.18623391296569e-08,4.676574127948641e-10,8.139468121726168e-08
564,2.982334763146355e-06,2.6091634408587083e-10,2.982073738166946e-06
565,8.489648095633129e-09,0.00022572046145796776,-0.00022571197769138962
566,8.207131863002814e-09,4.292096491553821e-06,-4.283889211365022e-06
567,0.04029526934027672,2.1247599235607595e-08,0.04029524698853493
568,1.808767024158442e-06,6.154018592496868e-07,1.193365164908755e-06
569,9.387492809764808e-07,6.809598289692076e-07,2.577894520072732e-07
570,4.010201337223407e-06,1.8867303879233077e-06,2.123470949300099e-06
571,2.056158336927183e-06,1.8461431494642966e-08,2.037696958723245e-06
572,2.7663714718073606e-05,1.0312054143923888e-07,2.756059438979719e-05
573,5.306007437866356e-07,1.77996807906311e-05,-1.726907976262737e-05
574,3.086345532210544e-05,2.24378300117678e-06,2.8619671866181307e-05
575,3.158394611091353e-05,7.531078267675184e-07,3.083083720412105e-05
576,3.7453833101608325e-06,2.1692308109777514e-06,1.576152499183081e-06
577,3.840140198008157e-05,2.116111090799677e-06,3.628529157140292e-05
578,5.443462214316241e-07,0.1505696028470993,-0.15056905150413513
579,2.2758869988592778e-07,5.338360864470815e-10,2.2705486912855122e-07
580,0.01577185094356537,2.1505535130472708e-07,0.015771636739373207
581,8.531455932825338e-07,3.7445596490215394e-07,4.786896283803799e-07
582,2.9102805001457455e-06,5.929999588261126e-06,-3.01971908811538e-06
583,1.9172367160535941e-07,7.213584041210197e-08,1.195878382986848e-07
584,1.8650359479011058e-08,0.0026795079465955496,-0.0026794893201440573
585,2.3096102808040087e-08,3.1917037901507683e-09,1.99043981297109e-08
586,1.1766992003003907e-07,1.650203103054082e-07,-4.7350390275369136e-08
587,1.2452261444195756e-08,2.9148655711352944e-10,1.216077460952647e-08
588,9.886330865072068e-09,4.959280763827678e-10,9.390403121756208e-09
589,2.3638218493715613e-08,1.323150922161176e-09,2.2315067127465227e-08
590,6.213958414491572e-08,9.39263875010532e-11,6.204565750067559e-08
591,2.001990750954974e-08,7.815074698491742e-10,1.92383993180556e-08
592,0.00017442186072003096,2.0900615960162128e-10,0.00017442165699321777
593,0.00045702606439590454,2.397369247564285e-10,0.0004570258315652609
594,2.812999753132317e-07,2.2124948539925526e-09,2.790874873426219e-07
595,1.3949729371631747e-08,1.1745208212232683e-05,-1.173125838249689e-05
596,4.5357968048165276e-08,6.389794293681916e-07,-5.936214506618853e-07
597,5.343055704543076e-07,0.0018415320664644241,-0.0018409977201372385
598,0.00026029598666355014,0.1349932700395584,-0.13473297655582428
599,3.2739126254455186e-07,4.069192073075101e-05,-4.03645281039644e-05
600,5.114154433272233e-08,1.6282441720250063e-05,-1.623130083316937e-05
601,8.539627742720768e-07,2.3286071154871024e-05,-2.2432108380598947e-05
602,0.0004749569052364677,3.673229366540909e-05,0.00043822461157105863
603,4.627611929208797e-07,0.007614317815750837,-0.007613854948431253
604,1.169959205071791e-06,2.3024142592475982e-06,-1.1324550541758072e-06
605,0.007739783730357885,0.006051940843462944,0.0016878428868949413
606,1.088577192831508e-07,3.9754939962222124e-07,-2.8869169454992516e-07
607,1.8467078916728497e-05,0.005844699218869209,-0.005826232023537159
608,2.5097820980590768e-05,0.0003028123755939305,-0.0002777145418804139
609,0.020399492233991623,1.976369503609021e-06,0.02039751596748829
610,4.0694405356589414e-07,0.0018894115928560495,-0.0018890046048909426
611,0.00030176324071362615,2.82354317704403e-09,0.00030176041764207184
612,2.7648914624478493e-07,6.084692194541219e-10,2.758806658675894e-07
613,4.847389689643933e-08,4.1252595783802803e-10,4.806136999491173e-08
614,1.2993058184918027e-08,6.077538916571257e-09,6.91551926834677e-09
615,2.1969624341977578e-08,2.0816115497979126e-10,2.17614637421093e-08
616,1.583572206698136e-08,8.301968557056227e-10,1.50055257108761e-08
617,3.978446727614937e-08,9.228224295831922e-10,3.886164634536726e-08
618,5.562780529544398e-07,8.225378711479436e-11,5.561958005273482e-07
619,3.4160795081561446e-08,4.948994813958052e-08,-1.5329153058019074e-08
620,1.6993039864132697e-08,2.509686625185026e-10,1.6742070840791712e-08
621,2.3573385021791182e-08,1.1291680493741296e-05,-1.1268107300566044e-05
622,4.2053809323761016e-08,0.00010609944729367271,-0.00010605739225866273
623,0.002375180833041668,3.050034180773764e-08,0.0023751503322273493
624,1.2888749552075751e-06,0.004056243225932121,-0.0040549542754888535
625,1.5865531111103337e-08,3.3094266882471857e-08,-1.722873577136852e-08
626,3.481519343040418e-06,3.344778451719321e-05,-2.9966264264658093e-05
627,2.4030857730394928e-06,1.2688319657172542e-06,1.1342538073222386e-06
628,5.2864077559888756e-08,0.0008884389535523951,-0.0008883861009962857
629,0.0026795195881277323,4.675860765246398e-08,0.002679472789168358
630,5.0612676716355054e-08,1.3347550842368605e-09,4.9277922187229706e-08
631,3.8277029545952246e-08,0.0011566594475880265,-0.0011566211469471455
632,0.00217194645665586,6.226812399034998e-10,0.002171945758163929
633,3.849681161227636e-05,2.1886881196309105e-09,3.849462154903449e-05
634,5.455717655422632e-07,2.5553304112690967e-06,-2.0097586457268335e-06
635,2.0840325305471197e-05,7.675914304172693e-08,2.0763565771630965e-05
636,2.3455932307570038e-07,1.104608872992685e-05,-1.081152913684491e-05
637,5.45522823358624e-07,6.631260021094931e-06,-6.085737368266564e-06
638,6.345683505060151e-05,4.321957547404054e-08,6.341361586237326e-05
639,6.798305207666999e-08,5.661839885817699e-10,6.741687030853427e-08
640,5.150567972123099e-09,1.1132208328490378e-06,-1.10807025066606e-06
641,1.5883273363215267e-08,1.4837046868887427e-10,1.573490315820436e-08
642,6.803110608188945e-08,1.3822977484867494e-10,6.789287709807468e-08
643,1.9743279011663617e-08,1.2929407544604032e-10,1.961398510275103e-08
644,5.175316530880991e-08,1.1903685814829146e-09,5.0562796616304695e-08
645,4.203129400082162e-09,8.432963216620237e-10,3.359833078420138e-09
646,1.2788935244145705e-08,3.986370344932766e-09,8.802564899212939e-09
647,1.7041566380271433e-08,2.0621382379459874e-09,1.497942747619163e-08
648,5.2100219249950896e-08,6.023561581969261e-06,-5.971461177978199e-06
649,3.9301021104165557e-08,2.47682919507497e-06,-2.437528110021958e-06
650,6.135063586043543e-07,2.508658836219979e-09,6.109976879997703e-07
651,4.570515375235118e-05,2.2671768462600994e-08,4.5682481868425384e-05
652,3.730094988441124e-08,6.55616183564689e-09,3.074478627240751e-08
653,2.367516458434693e-07,3.144994593640149e-07,-7.77478135205456e-08
654,3.417436528252438e-05,4.9529262469150126e-05,-1.535489718662575e-05
655,2.5889778498822125e-06,0.00015924421313684434,-0.0001566552382428199
656,1.5963493638082582e-07,7.4447912083996926e-06,-7.285156243597157e-06
657,0.004226433113217354,4.2031422786692474e-10,0.0042264326475560665
658,1.1447817627185941e-07,0.002599353902041912,-0.0025992393493652344
659,7.709357596752398e-09,0.002710521686822176,-0.0027105140034109354
660,0.0017709860112518072,3.975323181748536e-09,0.001770982053130865
661,2.0104245379570784e-08,0.001525730942375958,-0.001525710802525282
662,1.1620580153248738e-05,2.7881856823341877e-08,1.1592698683671188e-05
663,1.5897944294351873e-08,4.622192051328966e-08,-3.032397444258095e-08
664,3.235524914657617e-08,3.869816822543726e-08,-6.342919078861087e-09
665,1.7127578075815109e-06,0.0018783042905852199,-0.001876591588370502
666,1.755110332624099e-07,3.293727512954092e-10,1.7518165407182096e-07
667,4.2864847671353346e-08,2.0830530356175103e-10,4.2656541410224236e-08
668,3.703100404095494e-08,5.4643960467615216e-09,3.1566607106015e-08
669,1.6526076507261678e-08,1.7552554965050149e-09,1.4770821010756663e-08
670,2.986071478972008e-08,3.648233048991756e-09,2.6212481074594507e-08
671,1.3771309426147127e-08,1.241466485168985e-09,1.2529842940978142e-08
672,5.316287499113059e-08,4.888450755302642e-10,5.2674028694355e-08
673,1.726143317171136e-08,2.1949327078107927e-10,1.7041939415207707e-08
674,1.897280732521267e-08,4.3471901078895314e-10,1.8538088397690444e-08
675,3.6670787295634e-08,8.866845591093409e-10,3.578410101567897e-08
676,1.1501067120889275e-07,1.0130828814736148e-10,1.1490936202562807e-07
677,1.5809246178832836e-07,4.3950867945063976e-10,1.576529484736966e-07
678,3.574432128061744e-08,7.520157829787877e-10,3.4992304165371024e-08
679,2.179850980610354e-06,2.349936494283611e-07,1.9448573311819928e-06
680,2.5951358111342415e-06,3.4647371194296284e-07,2.248661985504441e-06
681,1.811149104469223e-06,4.243281281901545e-08,1.7687162880974938e-06
682,5.941002746112645e-05,7.616503717144951e-05,-1.6755009710323066e-05
683,0.00617229426279664,1.2935809756697836e-08,0.006172281224280596
684,5.998631280590416e-08,0.0001484826934756711,-0.00014842271048109978
685,0.0010013077408075333,3.5750005733525825e-10,0.0010013073915615678
686,5.699463508790359e-05,9.94170967771879e-10,5.699364191968925e-05
687,0.000785578740760684,2.754223238365938e-10,0.0007855784497223794
688,1.849530484321349e-08,0.0023379968479275703,-0.0023379784543067217
689,1.2908152324797584e-09,0.00019675909425131977,-0.00019675779913086444
690,1.6695066662464342e-08,1.2044324426696562e-09,1.5490634552861593e-08
691,1.949105580933974e-06,3.622784516821298e-09,1.945482836163137e-06
692,1.651208592079456e-08,6.03124092890539e-08,-4.380032336825934e-08
693,7.677999383304268e-05,3.5285758315239946e-08,7.674470543861389e-05
694,8.926723893409871e-08,4.455574131867479e-09,8.481166702267728e-08
695,9.325690442096857e-09,1.1005708566713679e-09,8.225119252358581e-09
696,1.124448374412168e-07,2.3388432857096575e-10,1.1221095519431401e-07
697,1.4917368673650344e-08,2.1616053391682044e-09,1.2755763556526745e-08
698,9.898444730538358e-09,2.52798587618841e-10,9.64564605965279e-09
699,3.9739461499266326e-08,1.014782771702194e-10,3.963798178574507e-08
700,1.6126232793567397e-08,6.947607766871755e-11,1.6056755924864774e-08
701,1.0659113591771074e-08,7.186811146198124e-10,9.940432477151262e-09
702,5.985348217052433e-09,7.472217289361538e-10,5.238126377093977e-09
703,4.737437553359314e-09,1.679694494605144e-09,3.0577429477318674e-09
704,1.6761880772264703e-08,2.778547392168207e-10,1.6484026588159395e-08
705,2.5536449399510275e-08,1.800472104740436e-09,2.3735976739658327e-08
706,4.888643161393702e-06,5.541499259464899e-09,4.8831016101758e-06
707,0.0018919733120128512,7.026105919294423e-09,0.0018919663270935416
708,0.017886461690068245,2.278235022856734e-08,0.017886439338326454
709,6.57143388593795e-08,8.77193160704337e-05,-8.76535996212624e-05
710,0.03855466470122337,6.151938691800751e-08,0.0385546013712883
711,7.030028791632503e-05,5.780616874062616e-08,7.024248043308035e-05
712,0.0018867480102926493,1.3599207315806439e-09,0.0018867466133087873
713,0.00013526514521799982,1.6677844882906356e-08,0.0001352484687231481
714,0.0008031853940337896,2.630988538143697e-09,0.0008031827746890485
715,0.00011783238005591556,3.2519553716525706e-09,0.00011782912770286202
716,0.0010995662305504084,3.87533810597418e-10,0.0010995658813044429
717,6.022315801601508e-08,8.68667257236666e-07,-8.08444099220651e-07
718,0.0014615191612392664,3.8595518447870347e-10,0.001461518811993301
719,7.770483352942392e-05,1.635709068192881e-10,7.770467345835641e-05
720,4.276503750588745e-05,3.817789695492735e-10,4.2764655518112704e-05
721,3.6866396158075077e-07,1.0732296995552559e-10,3.6855664120594156e-07
722,3.111948032596956e-08,1.7639875671271454e-10,3.094308098638976e-08
723,2.2271215982527792e-07,1.5601325786818165e-09,2.2115202114036947e-07
724,4.4439030233434096e-08,9.380558552152252e-10,4.350097526639729e-08
725,5.2237979275560065e-08,1.0470380118476896e-09,5.1190941263712375e-08
726,4.275592146996132e-08,1.4245807311574765e-10,4.261346475686878e-08
727,3.869521947308385e-08,1.881304889650437e-09,3.6813915471611836e-08
728,9.115918686575242e-09,3.242209972720289e-11,9.083496621542508e-09
729,8.069019230561025e-09,1.2723986309026714e-09,6.796620599658354e-09
730,2.948345922959561e-08,1.9604785850280138e-10,2.92874116070152e-08
731,7.255516631943237e-09,5.092131716288861e-10,6.7463035158255025e-09
732,6.260518325973408e-09,5.839226879800208e-10,5.676595637993387e-09
733,3.124503322737837e-08,3.847719920457848e-09,2.7397312862831313e-08
734,4.659311798604904e-06,6.32748575757347e-11,4.6592485887231305e-06
735,1.3137842813648604e-08,2.8027793419482805e-08,-1.4889950605834201e-08
736,3.1792732890778552e-09,2.499194579286268e-06,-2.4960152131825453e-06
737,0.00014003914839122444,4.4522588393824947e-10,0.00014003869728185236
738,5.7958340349273385e-09,2.7700958526111208e-05,-2.769516322587151e-05
739,1.0925433571173926e-06,1.0545677664453024e-09,1.0914887980106869e-06
740,5.857866199221462e-05,2.987280978139495e-10,5.857836367795244e-05
741,0.0003711997123900801,2.9236757459472074e-09,0.0003711968020070344
742,2.3427206542692147e-05,5.32435817657273e-10,2.3426673578796908e-05
743,5.954981219247202e-08,3.6733200925453957e-09,5.58764909897036e-08
744,1.9529831973841283e-08,1.7093428539283195e-07,-1.51404449866277e-07
745,7.289083558958964e-09,1.608720594958868e-05,-1.607991725904867e-05
746,5.9474296598693854e-09,2.0124998556525497e-08,-1.4177569340745322e-08
747,1.1060478044555566e-07,2.9255474487399624e-07,-1.8194995732301322e-07
748,1.2595777754143e-08,0.00012002725998172536,-0.00012001466529909521
749,2.09622434965695e-08,1.2884610045560407e-09,1.967378260303576e-08
750,2.0472983308650328e-08,1.5932598573797918e-09,1.887972267411442e-08
751,4.747516868519597e-08,3.012031735138976e-10,4.717396606679358e-08
752,3.931031855586298e-08,4.795179808780858e-10,3.8830801685207916e-08
753,8.46316527969293e-09,2.1491037838217153e-09,6.31406127382661e-09
754,9.803574618771904e-10,1.855581105436599e-10,7.947993374557427e-10
755,1.055409803996099e-08,3.357154998440137e-09,7.1969430415208535e-09
756,9.406705636649804e-09,6.610478830992861e-10,8.745657531505913e-09
757,2.1119198834185227e-08,1.6039377603860316e-09,1.9515260518687683e-08
758,8.683472429993344e-08,3.9594674761112003e-10,8.643877436043113e-08
759,7.260126722030691e-09,8.156548769733263e-10,6.44447162301276e-09
760,1.5542202191909382e-08,1.0744811984597646e-10,1.543475391940774e-08
761,2.0284380841673055e-09,1.9155137198634264e-10,1.8368867538143263e-09
762,1.9176360055439545e-08,6.607416280779432e-10,1.851561926002887e-08
763,5.547675652195494e-09,1.4926552216465439e-09,4.055020319526648e-09
764,1.412998216210326e-07,4.83520445904162e-10,1.4081629728934786e-07
765,2.4355244931939524e-08,6.790337625517395e-09,1.7564907750511338e-08
766,1.1981300396257666e-08,2.333866877535229e-09,9.647433074633227e-09
767,1.2367766544230108e-07,1.9412450813494075e-10,1.2348354516689142e-07
768,1.922675529897333e-08,4.206117676375243e-10,1.880614419746962e-08
769,9.474486972749219e-08,2.9688373981429095e-10,9.444798365620954e-08
770,0.00010774079419206828,3.2373481673175775e-10,0.00010774047404993325
771,5.2203862566102543e-08,7.480684127703086e-11,5.212905662688172e-08
772,3.587660613035837e-09,1.7774947069781888e-09,1.810165906057648e-09
773,2.0885806417680897e-09,2.0593358129872286e-09,2.92448287808611e-11
774,1.3211016280934018e-08,2.1193835575417097e-09,1.1091632501347704e-08
775,2.6729674473813247e-08,4.855351676269493e-10,2.6244139306186298e-08
776,1.380971923481411e-07,1.794125820131498e-10,1.3791778030736168e-07
777,3.511841129011373e-08,1.1049922088446351e-09,3.4013417860023765e-08
778,1.2313557817833498e-07,6.668847141177991e-10,1.2246869118825998e-07
779,6.239046967948525e-08,8.651386551594697e-11,6.23039539959791e-08
780,1.0598578903397993e-08,1.9770347858827364e-10,1.0400875716243263e-08
781,2.1579610987032538e-08,2.61853622118835e-10,2.1317758225336547e-08
782,1.366153323800745e-08,3.6139069514717903e-10,1.3300142320815667e-08
783,1.1055099236045862e-07,1.210087030578677e-10,1.1042998693255868e-07
